x1,x2,x3,x4,x5,x6,x7,x8,x9,x10,x11,ceq1,ceq2,ceq3,ceq4,ceq5,ceq6,ceq7,ceq8,ceq9,ceq10
0.9209988333922301,1.2975953716612767,0.9951020637935102,0.9373783012982637,0.8878598289557473,0.6384465379598925,0.5481474891857614,0.28110137110515565,0.24836355858012293,-9.746284580389847,21.494043040126755,-12.081880593404097,-5.328931759527595,-6.822620527207867,-28.99556481607135,-11.71876060185832,-13.30296716395249,-6.946400612398801,1.4765013145182593,-3.087918356560392,-1.5181925612053178
0.719477193856847,0.9390412980774816,1.2504047031709482,0.9155035086637486,1.1691352139352427,1.3455051958842286,1.0512731369900092,0.28614719696947766,0.3222774441162302,6.531190209497559,11.279129171591855,-9.397411594011803,0.306696862619134,-0.7907950625386135,33.11731864037917,-5.893406727681799,-7.478731518638837,-5.714806589314353,0.7245048927284437,-0.011793042812749732,-2.8601475549019533
1.013963943956702,1.2362150431838106,0.7013319375118524,0.8844278752979645,1.280500351251162,0.6067713792162484,0.897750934716516,0.29814745929735775,0.30558750265681245,19.788656099654602,9.285881349271442,-13.331838105534075,-3.9789542023300086,-4.1297393760909245,-2.4199719926629015,-10.00698450419653,-12.614288185053441,-4.970933252934717,0.27973136681884725,-1.8264969171743726,-0.3543640115153259
0.9955320726010035,1.3413595897330417,0.7457004898835692,0.6837743156836611,0.8513276099742644,0.7769090316046952,1.2042333810735355,0.24039241488305013,0.34343937161783045,-9.248098047259557,0.8474491750487623,-9.14800454245957,-7.420838520569301,-8.800868588580908,-27.700884245412247,-13.204247048172565,-15.91477413771425,-9.617083828809875,1.983506217668376,-3.199321519783499,-0.8012825512410373
1.3802130634330387,0.7147314380544694,0.7283906335501972,1.2530294844382142,1.4023899115189946,1.442481712247997,0.8737048435629879,0.3187614597963675,0.20582707632395916,24.049862851922448,0.996683311255623,1.9336277181055692,-2.276054149511335,-1.2374538117842526,35.478999529980726,-10.031282876504552,-12.81158754151828,5.385859901462098,-0.4939087219055116,0.9160305445702974,-2.1297277041271094
1.0375038587930319,1.2290193099605937,0.8951072782019143,1.4614046171106752,0.8270903701711863,1.25467759161848,0.9028796905235099,0.34183399979444395,0.29321181611901,-25.99376681450115,-12.769132527838266,-24.806887666054255,-7.7793259350947785,-11.639975268007387,-49.58009111212888,-14.64418409655153,-15.058041593306912,-10.93065396996827,-0.292566431510628,-4.912814649079131,-1.5384994424078187
1.1393599667044592,1.4314725398587416,0.5228119740938497,1.1805803949656095,1.3810041385867409,1.1362758773464727,0.5846398750294713,0.1959607788898241,0.261255864487164,20.044866334139684,7.446260021627957,-15.856622598048027,-4.53912817807662,-4.9513068276502,-15.31657060054279,-7.990864451558877,-11.295285117062809,-1.7192862643262974,-0.782111331675055,-1.7454952702704016,-1.2956319547636141
1.2568661512528223,1.4550959806554387,0.79565411175061,0.6134446291293244,0.7801528134773084,1.2332105837522076,0.9205855802561719,0.20570767556118133,0.33598323981245326,15.73757450070189,6.887028608125121,-8.119142275367523,-4.428339236945423,-6.147148355638883,-19.94558284343494,-10.54370646257355,-12.706470760905153,-4.9576358640565585,2.6556076338000167,-1.580624374726435,-0.7134668024095632
0.7537569748335421,0.5758121620535707,0.61349363638843,0.8746540123792257,1.2992592357263058,1.2138454177549634,0.9925774482869743,0.3308259692307362,0.32793748042867965,13.348784392241228,-27.926178161410384,0.687180401054114,-0.6300214631054963,0.5083898471836363,63.49250817509926,-8.366325362733754,-11.564299800200354,6.699197966371723,3.7316399948627588,1.2202030334487297,-1.583895663769617
1.0806248936368625,1.2948308846395595,1.331254357138203,0.8605630557386852,1.3063826689053613,1.3395640418459163,1.1659694939751304,0.33563438771592613,0.2495952338587769,0.6807611578045965,-28.37530571860722,-13.15070594791057,-4.537821441657652,-8.028871193956768,-30.372659646171414,-13.89409035829978,-13.33135614436675,-10.928526002854477,1.1734774760220201,-3.2339392164765037,-3.4319966581439054
0.7340052077421921,0.8504876789067811,0.6393429444593088,1.4407063517986782,0.9595424850902852,0.7407641121578564,0.8603936184133223,0.22957936505634663,0.3249049898167249,-24.47786897062692,-7.564684886949443,-14.261912567787956,-6.157312744292778,-5.770406559581502,20.339337423675445,-10.637850829942993,-14.323921501334194,-2.4212027583946414,1.68417760868536,-0.7571841089662303,-0.740171124469704
1.0554561128223436,1.473422606055163,0.6329638618430764,1.3766978206643423,1.4916503588680408,1.1678813154040246,0.5290340603244426,0.24481310225047928,0.2555471696904931,-23.900979306868958,8.514974084175016,-23.01698969773671,-8.845947502354864,-11.537653869832141,-52.34828257264226,-14.103623295085868,-15.125437958619328,-5.231510275494694,0.09441627914372752,-4.537077855082256,-2.6482860643261716
0.5719045373574038,0.8773047796234752,1.3452355695324654,1.2170090499635249,0.6803876848453317,0.6036087601146578,0.6431532130721772,0.30910337752844785,0.2996070594252497,-7.246152764893186,-28.559829610649587,-13.807621499351107,-1.119711462662515,-0.8309169606967934,23.151718142813067,-9.65320482202541,-10.347763336221838,-5.221675520556513,1.0985402927809051,-1.0051320641545054,-0.5568681318045137
1.1503438726858484,1.4255654060338088,0.5312664653516845,0.8986355041366741,1.4702260780867011,0.6474775577232189,0.6000567729211508,0.3162367776875954,0.2964059723162598,-2.3160414533224873,26.725733979377765,-12.21721634014165,-8.358074081645828,-9.9981396984434,-45.82082101508739,-13.523977374540127,-16.27985416829665,-4.670286225526887,2.746173191431165,-3.9912899645199005,-2.479771137661814
1.3396066700308036,0.5975207321089611,0.8225714570002549,0.9695410201720841,0.7415370374771018,1.056390215244452,1.1346442644366697,0.2929244648270035,0.30287426585084987,-7.610620512959869,-22.328033265760716,-7.729673930681411,-4.533642821534464,-4.294231927106853,26.895258312589192,-13.521348298161229,-15.88777217330724,3.252401458755144,2.521156408994587,-1.2252107418199518,-0.9643892807614378
0.7874896406587568,1.2021706680022919,1.1476501816629612,1.089115727597592,1.4456573915702151,1.1554336814623378,1.0662799314176055,0.34013157198602434,0.30907524642497664,-13.872830783546242,10.129387977825587,-17.86724354506908,-4.826546660498188,-7.401281341276558,-27.59227820801378,-11.112902920108736,-11.810559635515366,-12.320979056144887,-0.32238418126648405,-3.696291471103965,-3.3929180360785516
0.5376395980906572,1.2807345485189758,1.098102195513401,0.5104280626724899,0.6855368536465183,0.5014624417729269,1.4378323053407702,0.27250644090488846,0.2348445462144224,-4.768599881725013,5.4498604871901435,-5.8579216763855655,-4.381702044874775,-5.508479249047191,-7.889248857101414,-11.337367781278656,-13.657815250996164,-10.0184390027858,2.106436501929334,-1.772948417303212,-0.909518270289638
0.8843563735193095,0.8015654360896326,0.8900001950146672,1.4964648282411037,0.6559608948298465,1.140281695065153,0.7620525867584304,0.21030809722318158,0.24650548998690158,-6.361067815231067,-21.264678821564946,-14.143603396410718,-2.5578251416503797,-2.462704182059017,33.985543112808045,-9.356214488674583,-11.450263067813019,0.8226894856472156,-0.2891437186141843,-0.7722054587739517,-0.687821512803307
0.8326376943920879,0.9003194573207253,0.5807466106197788,0.5223101492162155,1.1247301477514777,1.1524925817158733,1.4853066476138412,0.2537119730267576,0.2574033672103764,-29.748621736533075,-22.148464563486222,-9.543615334474836,-8.029011319617585,-9.666072511580353,8.092116836401786,-12.950389842255522,-15.799070297110182,-5.396126702609482,3.2305335851779216,-3.833599968329791,-2.327865318478324
1.101452077965805,0.7942907468063816,1.4658973372764,1.2657310628008602,1.2867192073532898,0.9816168565462031,1.3476642071772118,0.26109928787616327,0.2854154813753176,-20.47683110738449,-1.5985095885245855,-17.11096898316435,-4.365195978933123,-5.496305453687917,-5.362425436066189,-12.075207090444204,-12.859048970270084,-8.452275389157233,-0.04838420609758032,-2.9407561789646035,-3.0198431497889793
0.9907442083080646,0.9220220633567111,0.7635979600891838,0.9231917255589284,0.6393035546051248,0.9141289797046008,1.1584658946075286,0.28563043516000686,0.32995867814062674,19.215613792763506,25.102970418622462,-6.636185267796073,-2.2061311584569196,-1.4534052690477175,32.057546379244855,-8.74035907531069,-11.595982526332985,-3.038224134184503,1.923686996445273,-0.02179581387438212,-1.714315723890092
1.0699755203319454,0.6815544528581734,1.2657368145966466,0.6431692495140828,0.9689870801292584,0.7155939904235125,1.2967368244597757,0.2255323101100603,0.25084947325353846,9.956045355204019,28.67251126631963,-3.971296801953745,-1.3131481303423627,0.11792356724473763,58.946715185084884,-7.871882646385106,-9.986573562521631,2.4694202485509296,3.798459957493563,0.660857354539754,-3.1506774197791714
0.8722935254201942,0.6318911382109631,1.0669869412665822,1.0562813465295646,1.1251040902395602,0.696754048755945,0.6790544482142978,0.299508751473331,0.21625857791985814,-20.890188423231635,-12.283643046829578,-8.715409378091792,-3.760489759151664,-3.704589560229941,22.665755067895645,-11.727900839848527,-13.69704734788073,2.125613710174373,2.260529796234625,-1.4670827038445324,-0.8624198584430189
0.7237585872019627,0.9784732021342997,0.8335857095425159,0.7532567218366057,0.7982060025434192,0.5309161076727077,1.3286152010266274,0.20637270587981665,0.31053985480287677,-23.119807190852992,-11.712502848987572,-6.191500943479756,-6.509373492351813,-6.5562149804350085,6.128713304935616,-11.54508926316791,-14.984591094077725,-7.981053646954633,3.12605155627379,-1.757402819451901,-0.7291571402644834
1.447751630526265,1.4662950710835607,1.428223995421576,1.024132924285404,1.3777401896127688,1.1625919436942174,1.1394734872524537,0.3226252495278543,0.2742211656211221,1.489468718120186,27.14406159486201,-18.71392475612822,-7.026754753002198,-11.36532724502311,-59.46177531833637,-14.37197978584847,-13.667926203919794,-11.074131469055304,-0.5169769665870882,-4.833855300216706,-4.742844695392456
1.3502782632554018,1.363110857443361,0.5138157664777203,1.1583581641581993,0.8606769068686246,0.5451842957342277,0.7398960051835338,0.3017873884322655,0.21305209488244045,3.6539582700521365,-1.2907972973823618,-15.984120309715507,-9.423720136604757,-10.68386859254013,-41.83673179467007,-16.618647882598452,-18.408835885854106,-3.884535570655645,-0.24996012458272432,-4.056555247227861,0.43229844836162457
0.8625798817521445,0.930185981599504,0.8589017894534687,0.5065494689015548,1.1998440593776045,1.1032806428628932,0.8453324926463918,0.25396627881791883,0.3336753372315946,-17.765252745092106,29.95770328759152,-8.42343544029827,-4.661089745378661,-5.26585223807605,6.360769304919884,-9.989821534272025,-11.633775864814616,-5.217980730078881,4.133595835766073,-3.0164522037790658,-4.4765007818925575
0.5315034258764048,1.073638247002954,1.3673289022152322,1.2801857675491084,0.8318233462434397,1.1984344746862416,0.5043022342526178,0.20340868668690903,0.3046543773508938,-29.482673217624033,-6.474859692345667,-23.4345123837563,-1.9473328020873453,-3.810817483651732,-21.26263774095186,-7.323456453018101,-8.094966715454483,-9.376017262282327,-0.6002105788078183,-3.601486286979126,-1.4777251362911024
1.3661647881629797,1.3871867797563426,0.7586935477575345,0.5520791045228491,1.1912675943894133,0.9178859222913651,0.6458693609554998,0.2802969179573448,0.30308323065480897,-26.375300455058394,2.320772125149432,-7.054736825178068,-10.840815178865295,-13.751252510728936,-65.28161345193418,-17.032528669040445,-18.382022015340134,-8.118237199431361,1.9691726692430578,-6.468290386444996,-1.6001468054178396
0.8117798973020112,0.9855829353240805,0.5613524992188356,1.4931723929886476,1.1890159135725025,0.7707637888660306,0.9499797208524052,0.2934037228995124,0.25253343609183543,21.900702838808932,-0.03682114684065141,-13.756046876899031,-2.783947261456021,-1.497795250713331,28.911640721766574,-8.624208451997376,-11.425690288855794,-1.222777757663135,-3.7325532963185593,-1.0363915153001564,-0.0877959945825495
0.6472818379381098,1.0125379233499046,0.9082578701921935,1.19350168140805,1.3133336937298963,1.4649988657664936,0.7946750454528122,0.28960748435676276,0.26399346860432915,-15.006545822127753,-18.71996749260131,-17.88888242523575,-3.1885844570461686,-4.880883082737963,4.0885034594408864,-9.203007391654843,-10.862859252344634,-5.9412378531171814,0.28949989071886506,-2.6233582795846644,-2.793436851147554
1.4662606544626153,1.1738659954795583,1.421513563042387,1.2233672127798128,1.246557533979833,0.9287130327283362,1.4814736375012667,0.2344964853825371,0.333440620930081,0.9265514717877998,-24.1548682289229,-19.256567133107502,-5.320767920063535,-7.284208280042538,-15.509150927962132,-14.083411831208123,-14.338106312992954,-11.797401967010234,-1.0309450425878675,-2.964456465086709,-2.506350313246127
0.8976187146639659,0.5677053229617761,1.379270312912336,1.3220239600153991,1.0326156378124183,1.248359083826311,0.5385338774662647,0.28831802439384535,0.3380581011949823,-22.612719424230622,-14.413367428377105,-19.335729306845757,-1.2213492984459364,-1.4040423498264438,19.485736376207967,-8.819573506417738,-10.416737069428544,1.3393301950671788,0.5137380961989635,-2.4652541936265546,-1.8450476739094555
0.9684130431623077,0.5875858851155362,0.6851308291177294,0.5595112837258543,1.2778800738159322,1.1781072328432134,0.6683075639216254,0.30491825097581804,0.26692457916177925,28.754940391356556,17.906477268571294,7.90223510290064,0.9384866446221238,3.1524777129930044,69.14589075006461,-4.523931396248754,-9.23361371345888,10.055298179954525,5.446132118234441,2.9452281538517706,-1.858438482706159
0.5206060990905192,1.4934972270613913,1.11412770837693,0.821834262656415,0.9372550644500938,0.5519636074767003,0.7874227587045206,0.2635253656817931,0.28446508129236414,27.091135011869902,-17.671444614318798,-20.0155541219726,0.40302406090024334,0.7725332289004427,11.458452264582988,-8.36085924088161,-9.981090608603086,-3.255666039175975,-0.7960776764226685,-0.04111561901612859,0.5037195403704402
1.2395062010040578,1.1394793461843824,0.8186852977089061,0.8919496392619412,1.0949620893497596,0.8019725158802573,1.4937020418166704,0.2646854068443186,0.27251584095787706,15.39264519497491,-8.664233202325384,-10.344651641647445,-5.7303955362232735,-6.14781200572456,2.4194451995700206,-13.551260279654748,-14.985732772253163,-6.770994504375205,0.5872989586005861,-1.5823120925617715,-0.6695190651759297
1.0170613807861955,1.3975498383995784,1.391401340468419,1.1323126208676535,1.0797828843546733,1.4025451218500504,0.734273989858518,0.2433745584205157,0.20559932274506632,8.490343179097252,17.301414906968603,-16.550524256073317,-2.393293129561769,-4.323034636228609,-13.610882821085788,-8.660456646275078,-9.205916814489127,-5.484452030306647,-1.6469206967398264,-1.6666371396806365,-2.7678423702097064
1.1407734312777436,1.1649664467542302,0.7930121575693934,1.2708229832298423,1.4605326785009745,0.8805031159390382,1.361185777170261,0.28911112867919997,0.33865185257078967,-17.0699550712153,29.48362351457424,-17.183578727618162,-8.993098101897665,-10.522438297695903,-29.262313055303864,-14.950712859718115,-16.458050251674,-11.312588645397751,1.9959071446711008,-3.425575678324389,-4.70016134348753
1.1347921823508327,0.9930890265787802,1.2458020476137914,1.1426440561620654,0.98003550261057,0.6728789053253537,0.6237828863021085,0.25628642453772116,0.2801751524706169,-21.479467002180836,10.735442328324027,-13.639529925201064,-5.339291535879578,-6.3758293021906915,-21.85551434941555,-12.88581926947272,-13.64407875735512,-7.593289237625278,1.002784510759458,-3.1326876875844043,-1.407434918796632
0.5258711550754984,0.7826806968198413,1.458422503755871,0.904141137323488,0.5058294348996415,1.4325608422086855,1.2271907178058068,0.28484875501975293,0.20460065210375683,-10.547674590831082,-18.348505788982692,-11.952933169995205,-0.7298070435563773,-2.3533767701514385,29.76227471551546,-8.664065389383197,-8.684554757682573,-4.672433007092741,0.9079579304233132,-1.7471459716084734,-1.7703567138654641
0.9145839825727625,1.184026536617223,1.1662339789280516,0.764758526496023,0.8023130338257939,0.5259009470879088,0.673152277358285,0.23293169858409102,0.3289526411531648,-1.9252578536651725,-8.766047272549734,-11.348067305802708,-3.410481896032909,-3.400491700152216,-3.5857679448951885,-10.794588977988742,-12.256830801443943,-6.782448467135971,0.9845723001819895,-1.898968307703072,0.16597309007358163
0.6348584303803829,1.0599572481414,1.0178201698210658,1.3419458167097984,1.2080496294039857,0.8879475024148519,1.4286260199963758,0.30444655455648495,0.2898193141293232,23.2390702029913,18.877617095835717,-14.83772895358128,-0.8667126448238456,-0.9287983482562119,39.915139046108834,-5.691580287996811,-8.452441888994011,-6.163687652982758,-2.7592994021194794,0.12998620960622276,-2.3173164735995613
1.4607973816606727,0.8309413127640497,0.7063905830370412,1.334954294610771,0.7510071866935558,1.3316484442660956,0.9805018671065244,0.21877515700635325,0.2866804361934292,5.795854263873416,-2.5136800881539116,-9.328416912770972,-3.919985828222398,-4.0101660496736,24.642402782368933,-11.269277979776135,-13.831944351447751,0.3053789918808614,-0.8021755024018606,-1.0368393108837886,-0.6497513967002178
1.1998449228368075,0.6876967421371004,0.9114246780813988,0.6658198921509766,0.9741181634900618,1.0429906307319454,0.5539046318762185,0.27534577722516335,0.29862657594284747,28.872969775739186,14.65575228603997,2.4847506004629594,1.2262362496150985,3.1493185961259584,62.031304155293014,-6.672126239595516,-9.890773702148037,7.19159673137571,3.5530627935539627,2.273107025448697,-0.7860732445266194
1.4375611539673434,0.9426305740341177,1.3436166978450828,1.2109941804583886,0.9291048927990293,0.7497040535686724,1.2653966661832068,0.2162325174000283,0.28313828025719756,27.99467904187025,25.869865668237175,-13.191805794321887,-1.206125634687755,-0.19749107148580336,51.819078756908894,-8.463603617855744,-10.362635753753038,-1.379449331045146,-2.161983137831469,0.17462770556698537,-2.5189281377557293
0.5981892691324289,0.5522142695955051,1.2871590460671753,1.3036900767586537,1.3922805875170772,1.1471465122633178,0.915222649297005,0.22870042741128271,0.26886332104356625,-10.149010330566686,14.216840080457857,-12.136669243974858,-0.22552568111273885,0.3463668892137832,56.82162181915331,-5.908242680596043,-8.239501170113586,4.744619432967739,0.24564765222860885,-0.36372734832947096,-3.3234540448695924
0.6504931738373699,1.0234876662337986,1.3882187852755759,1.2419759096754208,1.0569117364396967,0.8061903379145483,1.2455125809278509,0.3035567200387992,0.2707063964051126,10.81052791317223,8.829382159498394,-15.370729688894684,-0.8073427259423767,-1.102953015215565,33.41534532969817,-7.700920469441594,-8.794807519799349,-7.270839406640683,-2.3858638281279587,-0.2643924415735661,-1.7630875355826383
0.5028874653371262,1.273741356574563,0.952661369858609,0.9884469887256364,0.7032954264393203,1.4511828645287304,1.144612897433566,0.19521481253642003,0.21480001873218754,14.02644313438536,-12.958383216605483,-9.599612436825495,-0.5585861867029891,-0.31011899202809445,19.62776882336634,-7.835673876600111,-9.47735834257723,-4.335795486297444,0.47958906258674716,0.9998532633066404,-0.9813240314065901
1.1849431211671104,0.8742269733145567,1.188749198123602,1.0481829735571793,0.5887546679755925,1.2079214969947918,0.6874639606587304,0.20190331484338456,0.28169501365299277,12.185655457641765,-4.51460709876978,-7.813793621795327,-0.3980304244464996,0.08205219368988281,42.224717643885086,-9.026603555759213,-10.208971204853912,0.6789059907437667,-0.1622404709665437,0.2831384385248459,-0.0923172807111321
1.0347125205430827,0.6938261958859425,0.5503465544404579,1.1276860241955047,1.4279411248152054,0.67967280598248,0.6527718539277592,0.27187301306050826,0.2719018900257014,-5.478948276552149,16.147987361983546,-6.971877904393228,-4.713940526644954,-3.1803902229808827,35.284204059715165,-10.78647280248371,-13.698032612784475,4.847566642032214,1.740639600896312,-0.6467222498829894,-1.5145317635473496
1.4860105015483167,1.1860648710011428,0.8263364281084636,1.3582952865239202,1.3311846040992956,0.9926177323453034,0.7746559062060435,0.32085450936659554,0.20869539479185534,20.817882435743442,13.001588985007082,-15.188540899203112,-5.844062702713998,-6.674052977178494,-16.283491112854733,-12.728298362998022,-13.986171412401577,-3.3027323361635608,-2.6536127490535755,-2.633855659880565,-1.5459390388603325
1.279003291642895,1.2433865778736055,0.7530267631350466,1.2750167180347722,0.6183974350050218,0.8269610095470372,0.5562954119785485,0.24796264138696522,0.2590782733780818,5.14458367144163,-16.771697308600785,-16.835599387245146,-5.973498052239034,-6.4619616554619945,-16.118452491850057,-13.746289527597803,-15.100965264153576,-3.710908331076351,-0.8203268873666758,-2.772757678970203,0.38426098211694537
1.3139566777195193,0.7047913075246832,0.5490352418191355,0.7976100443359957,1.1458190606591279,0.7824934382407991,1.1070613416626816,0.296761702275712,0.26965380924008964,-21.988094662889374,3.201924127328489,-6.636791594580217,-8.362878368110998,-8.421010265828485,10.160461494384734,-15.767304098090253,-18.050437618404366,1.1849304531379279,3.0315269842824044,-2.203465021400268,-1.2305129679942546
1.0414325151169104,0.9063409198991483,1.108712237132587,0.5362444076214491,1.3028587723210805,1.188524588044357,1.2169448060660115,0.20032508943995764,0.3323460447550064,6.7570679151577835,16.815290235234023,-4.741023944732383,-1.1087168392775695,-1.586435745190851,35.25286574631032,-6.742615238280081,-9.403997645966783,-4.050916571233943,3.4564082799586693,-0.00969214110769201,-3.302197798767761
0.794976702188708,1.4389757447088436,1.0621694484161024,0.5338283992694884,1.4854343228209435,1.2404605929304342,0.9974573038992021,0.19911907511448815,0.31817515869071045,7.9443377334330805,16.347528051971338,-8.421742220462093,-1.628663903106073,-3.3618119302684413,-9.937533297572223,-6.284293726423673,-8.91958071088386,-6.449846529405407,2.538814647168781,-0.8534140686114977,-3.4229268790625547
0.6928602000652304,1.0077924825778242,0.844423519198007,0.5854319820371225,0.6724692137782665,1.4595763220821807,1.1802322199214756,0.19709609648027882,0.20777560430515243,24.712763816292806,-20.80913055655092,3.466712852073414,-0.5220934935138324,1.2856279278714382,49.31321811939803,-8.504763923951453,-10.352361853655292,-0.632802442772834,5.081491662328332,2.922527164635497,-0.8858140453772805
1.0634565241090677,0.9714285486478567,1.1928927514102854,1.0362940616912573,0.9139815139679139,0.6194737269739876,1.4153485332517302,0.20455236443484465,0.2827353807755221,-13.36542887913243,7.563936282639958,-11.767755383707794,-5.334569304497965,-5.780432261377456,1.7173949729668436,-12.279355587843696,-13.753078872382368,-8.420151181462238,0.843764048784168,-2.066513504968306,-1.760053010188745
1.2101588800287635,0.8430557874299496,1.2931297664364265,0.8094625867894563,1.1322071235557516,1.0341222986025174,1.0145634557594483,0.33007590889276545,0.21072730024079295,8.726234903597692,3.4821081548693513,-5.531003920270074,-2.7086584331951435,-3.0061505222501417,21.100721938500087,-11.722613346249489,-12.304804032890873,-2.4086900099548947,1.084235996670957,-0.6170319821305785,-1.6989156210232998
1.3795399059999434,0.6437571029012192,1.4310767581008303,0.9109990053685437,1.409834192714729,1.0046806353778808,0.9793635846377474,0.2214060851698164,0.19205921062429693,2.5778418878262173,10.898722941846685,-5.493874827804454,-1.4427917158165222,-0.8219517574437489,44.55029865289596,-9.096616301601216,-11.197183941309266,4.305688772194766,1.0764765437229062,-0.284147532337947,-2.63552963416997
0.7644779334950143,0.739739908651741,0.6153373402378732,1.017114395558158,0.5637282621743119,0.5769500939618267,0.6805482264467554,0.200686417829054,0.32432165435349386,18.718148256200244,23.030925629038997,-6.404246358970383,-0.6958075707704268,2.3787252094858005,63.32492439103703,-6.389646302640317,-9.997857439642917,5.039884826393565,0.9470275328158007,0.514066459909154,-0.5978313201374021
1.09872493858719,0.628336248198889,1.0781591999819384,0.6396751973478874,0.8675194660590384,1.1153084895079988,0.8043106896510077,0.3142177815742599,0.2036656651924006,-25.759388710973862,1.2756029207453103,-10.586506049883447,-4.384538220383842,-5.87236483882786,6.114488511274914,-13.227052060889054,-13.531066564461137,0.9706801862466141,2.0488146093076587,-3.656791931168639,-1.4641173528775546
1.4408714300475067,0.778497288337139,0.6920557976103645,0.9969273084600369,1.36880539280879,0.5731058851084562,0.7069083352854996,0.26754797674265246,0.3282126236480668,-29.392824178790203,-24.54951186093294,-8.051590773416091,-9.218035538583639,-8.419926726996206,-5.7190321105854025,-16.398918502792835,-20.483814200390206,-1.1064340656052718,4.3469198491230365,-2.374445615936974,-1.1860045342726586
1.4001732932800013,0.7294138978307532,1.1642394458856573,0.6797943360251147,0.9019231698239637,0.5933798573381784,1.4606184724093358,0.2950221523605993,0.24620320956394404,10.220890441273411,-3.722430979879146,-4.831959888916604,-4.2177970710559265,-3.30652742434928,31.273245380401917,-14.031995655486334,-14.530876986214453,-0.518982735240231,1.9318711557582446,-0.453978105756617,-0.7678691390082655
0.7467650807158491,1.084320422548309,1.197972039007071,1.306323251332011,0.9087648107981378,1.0758090525522326,0.6376334788742367,0.2583494944978969,0.24029793735127325,13.006503483233871,5.190491356590783,-14.374837639642532,-0.15669550766233797,0.016118734636719978,28.61341524478391,-7.15291992817029,-8.72280240156251,-3.1226327643477436,-2.516294301907349,-0.10980982885438095,-0.806402094457102
1.4254967181705402,1.132372470528473,1.2148373148648575,0.6937063949185143,1.1552749639260966,0.9202608699495795,0.8357428036582883,0.1986372521822948,0.21191616230034355,5.546215392786316,-25.304501235087724,-7.888314623254249,-4.637927014702257,-5.068026012876739,2.4265931296638854,-12.356719473004976,-13.215190334754293,-4.010527409120584,2.347299596601564,-1.9243722237289234,-1.5941616369215268
0.9459881164983707,1.0991607050350998,0.5994523401524863,0.6744910984117085,0.8783364486395306,1.2160198752931093,1.0708396013429005,0.29835510195976267,0.2872954304192369,25.720081821979925,10.230308110424929,-1.346660729013692,-2.4100661881007923,-2.4166177510977818,15.441766362367204,-8.710000938224963,-11.77986052874967,-3.7464034422638126,3.575591425270215,0.5658691078925102,-0.7814911277245749
0.6658583587429436,0.8630609739908264,1.328468537284564,1.138879783555468,0.953515611783161,1.2777086667044029,1.3565393994674761,0.30608922651078163,0.3205787677584011,13.5283117000089,25.666726281991572,-9.217223232446539,0.8117549681397378,0.12871767446731752,51.760140202600766,-4.98200886086389,-6.650653405561668,-5.370969271964316,0.31760872597399903,0.9767964544712324,-3.8924255324489714
0.6414428038745613,0.897867201796799,1.2614069994061778,1.0501203038383562,0.8168929190493037,1.2277267403320766,0.5987654271132603,0.3388163627252616,0.24014783131378659,-15.551823920244104,-10.348110525967083,-14.832122900006631,-1.6882968053524579,-3.426015334110197,4.959189280155698,-9.413626035534554,-9.74676670891216,-6.2401104404994525,0.2139916836888478,-2.7467491421327423,-1.1442717333471464
0.6810094380363144,1.4035255282582093,1.2552225648465007,1.173878490228435,1.0128216242905033,1.304377614821651,1.2362169377975338,0.3103240798854116,0.2762155146454677,-26.79366570321151,26.286410219255345,-23.662961098485447,-5.737200512997365,-10.222493073248256,-59.841704473744635,-12.31203752527068,-10.933369517414521,-15.059701077466247,-0.11872332422806497,-5.580457192722809,-4.778003202313343
0.6585335035510729,1.0305200753061876,0.8361367294325202,1.2862415558822662,1.2378061395464517,0.8798082260914647,0.9056979969582073,0.23758349705797532,0.292054152826716,-18.198397863449603,16.692514008124697,-15.721920706354211,-4.798236133799087,-5.19622680139009,4.5511009863399465,-10.03601940536967,-12.181254918459414,-6.258568667032904,1.0265331168574487,-1.6566323061569364,-2.5160791614310583
1.3564075466532057,1.0384178012991652,0.6646878889997971,0.6504154642994984,1.4817765696491383,1.383835251541537,1.04583218492904,0.2203606102425279,0.3304898138563226,15.966886272110607,19.75503955281215,-1.7596256220787794,-2.961998178053612,-4.164345675737675,13.98727964738221,-7.550903629767916,-11.547048716373828,-3.683343094944247,4.175322935464854,-0.25353454312540613,-3.5206346391155847
0.8776843419005445,0.9517436394713321,1.0918129828096168,0.8575453564720257,0.5729671946241885,0.9639904912042502,1.12619873307181,0.23128357775015837,0.23107535760560036,0.029262572143437637,-14.34838694849365,-8.491431570311605,-2.8861020371222956,-2.9836207464463556,23.226524778748967,-10.848568222066024,-11.959062186377475,-3.926384269569766,1.3307262659324959,-0.9339082203811202,-0.5881469738377909
1.4239549949974646,0.8497771529260822,0.5740451184132226,1.4167652612626074,1.0262273184285196,0.7081284961944191,0.6644277561697509,0.32144848922777025,0.26536503855627425,-3.550661910742498,-16.045956345345342,-11.741042614240822,-6.686119994821546,-6.383349354320011,-1.8312054326034755,-16.08827590537273,-17.850775380508463,0.37001729510829917,0.06036141714750087,-2.0426840277927134,-0.11089948360995194
0.6009891417117932,0.5848853074665767,0.6251235940086437,1.115352651934989,1.2142466039118283,1.3103576589401844,1.0439365304826456,0.28444855410391995,0.2579969089688375,26.464696722499177,3.656372181195181,5.154607260319196,0.6953741905325828,2.7990278693526847,81.95762394900697,-3.909076412058976,-8.531834138069833,8.756332046775562,0.5866955221858561,2.535039936184292,-1.3568144778749662
1.2834015597931563,0.835739913051861,0.5181493537529243,1.1895915328136102,1.4433356304341844,1.359871042616935,0.7757242929860477,0.2667829072918586,0.3013466172811735,-7.007380533794809,20.971462476213567,-11.474136507374133,-5.308261688053854,-5.823080516190018,12.674117539961216,-11.239871502330386,-14.050243267145252,0.29395977436522114,1.397682802651783,-1.9621271230809683,-3.7788594428145217
1.2189644723321642,1.3661537664320862,0.8819619657187884,1.4336361744263477,0.6093199641890809,1.2915061678737956,0.8314056904685433,0.28338432270597425,0.22420116188862704,-27.49457899172317,-18.205771407300304,-25.30864328449926,-8.860680108877798,-13.73863888457192,-63.05422667477128,-15.492546417834276,-15.011265506600823,-9.12434266972317,-0.12676496364822487,-5.727671757775786,-1.1436633260809401
1.1739444347657766,1.4058955847909755,1.439613956970391,0.5723736671177362,0.5019863268193496,0.9540592294786643,0.5928572345429921,0.312141511358993,0.33549525352592224,-13.543789396928634,-10.103662427129361,-11.812282568314814,-5.352971805619653,-8.890494128939189,-64.43810468810949,-14.19937453382554,-13.110214882523385,-11.920625226042226,0.42843311682054797,-5.690794256346281,-0.3183048449649952
0.5490613444829947,0.789089849953913,1.461928717542344,0.5785812273767099,1.1782175697631256,0.9667416815951214,1.0088838565022429,0.2319278081108346,0.28105149270372565,4.997679939608325,-0.41426626857721516,-5.77259796699019,1.3130093176365136,1.8363922507517785,57.14093097999637,-5.330267750068857,-6.876984075695597,-1.333516615616298,2.21335811310734,0.7776267969251158,-1.7288409757369863
0.5774009566693821,0.5242738044457741,1.1529579288599974,1.1796706528626388,0.847255111656618,0.5099985188088797,0.5329677197465396,0.2734442173930642,0.3439720890831762,-19.529747681289013,27.844929951473944,-9.608735681940743,-2.340696091772955,-0.37573989150025255,46.40318243556685,-8.30966771091089,-9.304335847697937,5.302489216652079,3.5159961432488984,-0.26639714448216445,-2.6937922987681837
0.8535312671347245,1.1958778908374192,1.2740599492189901,1.2394471958131281,1.1508312796580058,0.8139631173531185,0.5748315656313224,0.21333762822096178,0.21954411096199197,7.194627504859049,19.890854876094693,-16.888920519370053,-1.5253048316963884,-1.4318867099978831,11.865625580768153,-7.163040995564438,-9.42114506393078,-3.880794300999174,-1.6782611251438384,-0.9893207436660365,-1.7666767252286988
1.1887882562143512,1.245198185223369,1.0221236901471884,1.3670481316914918,0.5159557676982179,0.9743161310845047,1.0612189395024896,0.33146348074012927,0.21367252541274145,27.77172237618705,1.8749552394906353,-17.183594863562483,-4.467440043980261,-4.434367267579191,0.917685271419515,-14.314858874640098,-14.550185147782818,-4.549638119435301,-4.1553096524565625,-1.6007110670219031,0.05423363942762904
0.8392935176865957,1.1096897396004042,0.5795285747014683,1.3279742750262002,1.009563005001336,1.1727497004275773,1.3302580693092876,0.25505780489375685,0.2780842299058719,29.820406198690932,7.075148808361796,-9.733145781719607,-1.8925970339273022,-1.382828468923801,25.256824739081623,-7.524427049126348,-11.042291606737752,-4.159013695872716,-2.136307480815516,0.15130136618785883,-0.8311227941317085
0.5410795158191466,0.966061582152276,0.7300234489009942,1.2943807365700213,0.5913089827851716,1.3401369247781858,1.337679510648055,0.20749243614275292,0.28782687082777725,-3.179395943856626,-17.93628523706582,-13.923788121904874,-2.339758081131695,-2.82023999825061,30.907701192117543,-8.164469048567966,-10.64443277569866,-4.890731385250735,0.10734313445459165,-0.4460470206693916,-0.8018186344866649
1.2094108056548976,1.4427280246031113,1.0268377539989157,0.7676356208569535,0.5546042305026969,0.5161574929595502,1.1144440615615876,0.33203060122296046,0.21655580499891247,9.881018504764036,8.187145038174457,-13.552142253118319,-7.737883071753451,-9.66203582084836,-39.79964808584963,-16.574096945045998,-17.416175679726205,-7.070741306013703,0.2253149198191995,-3.687340774354274,-0.21946389355788298
0.85711521388525,0.5603302437485583,1.2318526359043949,0.9313003042078709,1.250100363452109,1.236111935619932,0.9552597979065593,0.24949475112800729,0.2627286753729487,-8.92854719191675,-27.239474221711152,-9.3521566302597,-0.9975928382416654,-0.7690325950731101,48.365694095718794,-8.409722039328122,-10.878820602504655,4.416114257398323,2.63451184148332,-0.8598259413145417,-2.8294356838765147
1.052610486679755,1.224477992395505,0.713995170552077,0.945281036235039,0.6325116229650676,0.761919204037802,0.6149518418946345,0.1980315963940251,0.25231466796052765,7.264821023437285,5.734560613954244,-11.709036936250477,-4.6887862021951285,-4.132055621021699,1.2286724984313935,-10.476125995982114,-13.015320425515469,-2.899345572376355,0.553637634037214,-1.6080259765889853,0.20384587738621462
0.8473513416331961,1.2178129169642347,0.8031905464422988,0.7330193619752647,1.4538741352659756,0.6860625795326537,0.9633287415600851,0.3271162583239319,0.2884418590812158,21.373320701374823,-9.11601905245589,-10.538775776754548,-2.78586428134885,-3.2781230820116534,6.283693564695696,-9.707416143968922,-11.583438190362491,-5.4011376112046925,1.2911538715319004,-1.0180498358654315,-0.24400230785793298
0.5801671031861604,1.0756211773692042,1.4711498081312802,0.7134435349440671,1.2738078468527854,0.8187548026638813,0.5071875544399341,0.26078687076112084,0.23062414392950376,-10.946553968076184,28.978061011299644,-9.606442518213925,-0.8871628212180696,-1.7001665067622973,-0.23134282499921,-7.225820618812293,-8.440912096307521,-7.529193148611213,2.3471351363456527,-2.1440644138549096,-3.2694509641822407
0.6269140408373262,0.536093080726742,1.3593993176544805,1.3115063279436145,1.3648206121017035,1.014521816336555,0.7968528679753031,0.2528766493973309,0.1932801129180113,-16.459640434971273,-25.5056677895757,-11.859821538026807,-0.9759405338978269,-0.7229037288572755,45.306794114653854,-8.179752570373221,-10.830166496064283,4.905622840260776,1.5767994501271332,-0.9318060338293321,-2.6432401527575173
0.7744334146039332,1.32577923598899,1.1448170079713436,0.6026617567560146,1.3741201081549619,1.2705746951181989,0.6572177194532925,0.25130009967196265,0.19711421047309122,-0.436431909702506,-0.6522893211904979,-7.944530777010044,-2.612538736749702,-4.243639393408465,-13.310600008000542,-8.641490625378095,-9.972305268417948,-5.8743814034954935,1.2841117227809828,-2.046822624905401,-2.173270235609909
1.3869913244681684,0.7076570942297211,1.4040292849466682,0.6632855454042834,0.8217354984356604,0.9372210637455869,1.080302142712915,0.2786199518696081,0.2952685371683048,21.758481605669573,-18.923819033312505,-2.707123754760108,0.1612852241212792,1.1902056676269694,57.50908856358862,-12.106238565303979,-11.714956405701285,2.292833027672403,2.820665473705999,1.6401166486890713,-0.6683993133600303
1.4073047091622275,1.3155951441303448,1.35289387930559,1.0307431674995198,0.9863894512802559,1.2676565210539978,0.8838131657830111,0.3346329969942452,0.2548899420957252,-0.7098588978314524,-16.97296367719983,-16.45865673019565,-5.838166318769648,-9.541655554724475,-48.45708838299007,-16.217221901034524,-14.596006377410223,-10.199624620532543,-0.7798618147222891,-4.370334979749066,-1.7649987326534813
1.1588260275150948,0.501265395499976,1.0879452074562699,1.0709608823684715,1.3292748460835848,1.0523321660035374,1.4574323308000363,0.3079983026793932,0.2538003938582269,25.330514155732317,-7.004239432905472,2.1310506916551333,-0.23734993463393295,1.4888033922468935,78.4394439565741,-8.321231944990846,-10.771386653391785,8.919564801207553,0.07880329714803125,2.288134910307127,-1.7331521602792712
1.1926935777097467,0.5902704417091247,0.9874956821290568,1.4767186125035674,1.20353324036952,1.4885242046784413,1.4229870248558762,0.22655113922138825,0.2252208023277315,4.194265579214672,22.28242096456224,-6.746984311399508,-2.0594508973298105,-1.7098014439406342,54.89163461732481,-7.995745116607278,-11.119527562112433,5.446210818358244,-0.5162091002273872,0.2459330047264121,-4.151673276815014
1.0232305074362165,1.475236245392587,0.7430884909462321,1.1209070103255119,0.9637751032749649,1.3536195983069441,0.6332517087939842,0.258751737056007,0.3261466534008346,-28.57401973449843,-4.2898725651932885,-22.366277653880367,-8.409735809016393,-12.08743162230699,-60.1077317813623,-12.842460353000787,-14.086196528758336,-7.765346935662487,-0.15146485807040033,-5.900133091432203,-1.8382756452603637
0.9359447112969075,1.1012451005131783,0.9458144874531034,1.3806476082468322,0.9458053973556715,1.445544209955824,1.4340254482382324,0.22897764989543845,0.3256949306598229,3.167831600883453,-7.31693074123476,-16.806988152356716,-2.7525837204546235,-4.468967233244793,10.24746320566571,-9.499578865923674,-11.219718472264297,-8.560813283493596,-1.6865434710403981,-1.2097380326510692,-1.8616067820099929
1.4184194714561515,1.1546055723162822,1.0803217868339814,1.146534591132057,0.5652065009743278,1.0667481938952805,0.5878431996708002,0.3169641815115362,0.21886194548282822,-11.979353819150841,-16.276645244427407,-15.658977308248094,-6.639668521680978,-9.595113282417,-43.02912869160288,-16.491201063063297,-15.608811356579894,-7.4808492702475835,0.08738647029390201,-4.4674232634556095,-0.38449587308625865
1.2286674579125685,1.1151224983862003,1.4130856332333535,1.3934621515141659,1.0156131417522767,0.8549204250442879,1.2837993594330102,0.3442745598064487,0.27948870334758885,1.507135914894981,-23.90847393377772,-19.42629452760581,-5.031908954948854,-7.179985810751752,-19.006400356493387,-15.82883163263472,-14.984527268383355,-11.418663962456494,-1.8055424897493166,-2.8615184139100514,-1.8572384047689674
1.3953474050487609,1.214105597763022,1.31213048287466,0.789923738756616,0.5311225331703375,1.0067916847491047,0.5796591984717163,0.27569162949184467,0.2976196087913658,-19.21832678766319,-27.66256754666698,-13.699614163058317,-6.411009007485649,-9.532396537696833,-54.13606286898741,-14.865313232517918,-14.704803934414567,-10.466395603595172,1.7329266916066999,-5.620993058593767,-0.927017542878886
1.2697467561854554,0.7563571352594368,1.0437495067532416,1.1987077806229123,1.261048688884499,1.322867247036152,1.3513370278948593,0.23851029197223664,0.22336765739194453,10.65866804983309,6.1389190645478635,-5.617084526941138,-2.5511809581697626,-2.325500780950801,41.96864656581063,-9.306366124229799,-11.673609267515333,1.1505097949573384,-0.4654314416595451,0.153763390636934,-2.6980355854020885
1.292459552642263,1.3596320106295066,1.499620959325201,1.0122111738234985,1.3404526791724685,0.5126830601571659,0.9340407014239043,0.21109067182843697,0.19963165037601022,-5.181090993353436,-21.828873426351848,-14.929049138245706,-5.989341708966897,-7.579466358822049,-34.79917070213144,-13.588604291229982,-15.459278072431342,-8.186740951460541,-0.43279778747436826,-3.5825596377559528,-1.3823987139431893
0.6605748099417263,0.5576954755687805,0.5438455323848295,1.4299176756621972,1.161220247657224,1.4939370688030211,1.3014321339744042,0.20942588300725265,0.19552049882895237,-25.1441316952897,13.39195564794015,-17.977910700248618,-4.830524369897443,-5.3807305004059955,55.40440148636954,-9.903661876298722,-11.571739390797791,7.275650549564261,0.700262158342273,-1.250469086253263,-3.1149177211242574
1.2345423387697365,0.5400344054508606,0.6074089149770124,1.4840838494935398,1.107690963185687,1.047028788823635,0.7814888715766339,0.24776805437825578,0.22679604820110477,-24.717524159749942,9.792239827895571,-13.691879078635992,-5.778216505678419,-5.728347006777842,34.057949585910166,-13.074789288188898,-15.11236825470059,8.433129856211918,1.4014904573201648,-1.0109015127662602,-1.8016743772283235
0.8413950130590789,0.6094322272278437,1.0309546561935492,0.802370383161499,0.6939412695836581,0.723543459071994,1.2595249738124168,0.24239462114620913,0.2179826333132654,-8.653737230733483,0.5051847440116255,-5.296558205178911,-3.2705496860423153,-2.6228530353939306,47.080484789158064,-10.224667248729267,-12.08377298689671,3.5255040780031335,2.25810720192829,-0.5242670060013737,-0.7921094174897938
0.9598895920863503,1.4201241043611894,1.491496890847618,1.2604458394446145,1.315751303748757,0.7936832983490422,0.7140965027994998,0.26578388366595107,0.3123445712427004,17.63745927664774,-19.492105838818915,-24.832201804747985,-0.6253327147200878,-2.191612663980017,-0.7821962752194622,-9.199648294099408,-9.431397365046665,-5.770474769789535,-3.807774075582717,-1.4480312566868605,-0.7465945689347144
1.1150308814913479,1.1550517171801573,0.8714104847871165,0.5042398263043159,1.2424989275120488,1.0815764487570185,1.2773607400182252,0.3373487225401196,0.2029301743025418,25.08290400557108,-22.96998652440041,-1.5187618607960758,-4.691132413717504,-5.338211618320287,4.922241224397936,-13.753282303702575,-14.078281947060042,-4.574898421297907,4.760914717473188,0.030768876887037777,-1.7256604963323312
0.8099279634227385,1.2552332372709563,0.5019505876363647,0.7715790945337091,1.3209655864999341,1.1102151206860322,1.2419273790208378,0.2366104736422106,0.23757458164727524,27.555683325430955,4.565616420660795,-5.403984516940852,-3.039051345704941,-2.608051005982034,9.9222515955978,-7.468571109688921,-11.047529692375074,-3.93255207059241,2.443677758910585,0.4060449436542122,-1.1700487611599613
1.2482092018369864,0.7178711592777319,0.9679780344315514,1.4736092901308142,1.0877665424032927,0.8315734050688747,1.1980301355426106,0.30856444331042426,0.31918043863936285,29.68580902068345,4.078967786437843,-7.987621092594555,-0.47392171857895704,0.8504526265045484,54.655899784484205,-9.354710924745662,-11.09152633579636,2.2320526660125797,-4.491508324995306,0.17816129054194008,-0.5115164748304757
1.1793679945740092,0.9589610387204753,0.7219790621732178,0.954627630330019,1.4197801887993635,1.0891155405039874,1.1737008635303805,0.2710703602752538,0.3395081057540157,2.3146571652155075,-19.686129559847615,-9.1430088901223,-4.6923176103649595,-5.3952599518841176,9.272572288042866,-11.921869683474828,-14.463839448495605,-5.220487250882444,1.817106790132197,-1.5840198461594905,-1.733919907769284
1.4520529803146514,1.2311022429377307,1.4862992072602568,0.5287278933291588,1.0450239483306027,0.9874585867130374,1.4465491995136834,0.2820084768294006,0.20258116230565312,-16.609116590062104,27.391706620666795,-8.242347266607357,-8.104190732580392,-12.031995444069175,-58.43102452557808,-17.14117803140622,-15.353648916261745,-13.430809745425751,2.0548420804223344,-5.982783336412111,-4.429761981385717
0.7005564523778036,0.7344339311642935,0.9714252812846138,1.0032947539433934,0.7333671397630257,1.4811889600202641,0.74926871620418,0.2398129173618001,0.29077034447857947,11.388133942400032,-15.75327874964051,-3.261769500088924,1.2323332600991534,1.7884346381095213,61.465152429241456,-6.507648099404645,-8.825617872183141,3.3928686483573447,1.4809813429393692,1.3892255643444642,-0.6379285151669549
1.2042287292687535,1.416999106290444,0.8616327544827745,0.6248971219995001,0.9216615590665891,1.4231195832811578,0.8755676051599223,0.2626469145842047,0.3370467324569546,-17.286989612143106,-9.541910958935063,-13.185092243515307,-7.682024213256369,-11.424069778063814,-53.97273476723246,-13.39803496236891,-14.225994640263945,-9.280545204416315,0.953474244290522,-5.930200150297362,-1.7381486986699812
1.0041193515746634,1.1760622330423725,1.2089549668503132,0.6259471497318809,0.5283557129504975,0.8412210722571982,1.207301165348647,0.27813294664719224,0.3407061421682268,22.431331030707128,28.400204154505282,-9.765452836996555,-1.3584563980272861,-1.645095699656185,21.163035230122347,-9.361053185035347,-10.4271142871983,-7.310960984202858,2.9560033922302686,0.16073207549320578,-2.3604325814724874
1.1146973466778491,1.48884389068342,0.8672603063381901,0.7087708997764537,1.4352992487071639,0.5568734786718046,1.3788260481804262,0.33946270235506193,0.19972163146333174,-20.340978561252413,-25.86144553520105,-5.959914738453293,-11.45019449994804,-15.730792659654046,-72.13741166467682,-19.81424784476784,-22.10589006341238,-10.04483714448145,3.1828819440998135,-5.454518728461304,-1.845100752349989
1.4833656236031019,0.8948241260613401,1.2963531901841217,1.0664068758908556,1.081471883077922,0.6584156083528381,1.4506148063534194,0.3441460832161217,0.26059648962810933,28.37453955695083,-11.449029973691403,-10.99780153402029,-3.3504552607849725,-2.9998813243232476,29.87787631125684,-15.047005705134813,-14.069781395255085,-3.4236473537256176,-2.035141684482662,-0.40688338634943655,-0.7750841249091565
0.7063604669860788,0.6206742402543143,1.0569502767138093,1.0298506249028867,0.7581308348246685,0.9554026940582689,1.468438540369241,0.2165094206754014,0.31432621466606175,-9.30873101144936,19.34130418849339,-9.729274446393429,-2.365348784773687,-1.9094276402898984,51.53317903497175,-7.9535793789142994,-9.911113996108131,0.2794640460807296,1.8590483279178827,-0.41650638280921193,-2.756030825397037
0.5073154303313578,1.3760806207269294,1.2184176221958078,1.371502109363206,0.8573820922973004,1.1074263044197319,1.496507623058982,0.2942734118033714,0.26809104577538356,29.109893987011823,4.82650704667472,-20.467126223959767,0.2912621517067393,-0.509879512980568,27.372765109972406,-7.232238340388938,-9.045384373675217,-7.090843364249311,-4.663290660971455,0.7814553233502668,-1.3903250855567144
1.0902846827772525,0.7478397549417534,1.0718728767595502,1.3608372803754292,1.1147474685610081,0.5857462127432986,0.9425959867332806,0.27432523552009125,0.19792788808819461,-27.237510392319322,15.585150550615538,-11.058711345862395,-5.928144162263088,-6.972146180965037,-1.3381109694547888,-14.238571594227235,-15.066550658361455,-2.409644923530574,2.3710217710649673,-1.7462434794180908,-1.7796490059952532
1.2605773886731781,1.1915702992121633,1.22077545868337,0.9257535873666403,0.6656399277214081,1.4154778836998707,1.4003190920352795,0.19237531509838662,0.3344450776342519,-4.132612528122113,-26.412540600456293,-15.37108169837694,-4.102622498525644,-6.610623212236284,-11.23327814911871,-11.814271054402209,-12.215674604518641,-10.679250572111009,1.0611431277423478,-2.9131558187073505,-1.9942019017834376
1.169861003019419,1.3223138097177776,1.4195100430092435,1.1692522184605392,0.6549930331592492,1.132040030373306,0.8561444809619043,0.29101941545018456,0.2325121748704205,-7.9484749995890915,6.3608192902516265,-19.11774182100531,-4.969942673417844,-8.31860053789746,-43.717624058168205,-13.732898712295293,-12.438850528992266,-10.398010969053223,-1.840576698272991,-4.238106164071203,-1.3264431485404948
0.6756032455938195,1.3124262284596644,0.9930705530286947,0.630544435116014,0.6234344899314166,0.6612080877937175,0.8191435101952964,0.23555103279055728,0.2928601792717316,11.862582811976978,-24.610461525101066,-10.494881392541675,-1.889589940685223,-1.5361905299486835,6.181749443930116,-10.51285701265195,-11.970604960261433,-5.301881078777665,2.546659215175735,-0.6208870907897168,0.15893129205755585
0.6057033224983108,0.5742417092857159,0.6558059382160973,0.7923553284871985,0.7202134455419166,1.0737231731801806,0.7005322841341931,0.2570673968459719,0.3061046904174025,2.9096269397686925,-0.9623435899706969,-2.5562818172967674,-0.8561448288061975,0.8221763140186411,68.77624517024095,-6.675624234452604,-10.136954486356869,8.384146942336084,2.534528642370102,0.7162008872073766,-0.1448531521737948
0.6377641187694516,0.8153291907769031,0.7847258677849309,0.7233563019309204,1.1162980518055248,0.6417270185446161,1.3809643981790458,0.26826084172167697,0.2633359763976146,20.430072184900226,-28.925244548803217,-4.4236859660747925,-1.7463177224739077,0.16713504696475923,58.5595999201751,-9.473744377666248,-10.927281288762861,-0.13789634611584556,3.385232772155282,0.920417953690233,-0.7710166117502126
1.074615286673527,0.6376195109783285,1.4785785891918404,0.5154100110006726,1.3861448442493751,1.1908131711619818,0.9709854376262411,0.19295247110879402,0.27747144031924426,-13.07082843620427,-7.827386836894597,-9.3493286315762,-1.040186500581381,-1.2412543944418637,32.33340482592787,-8.0898383115805,-10.233917312630636,0.8303983559380335,2.3191734164922284,-2.163360802172896,-2.8552261738841196
0.7812673525838281,1.253585783447666,0.8548230239861613,1.2977436256595893,1.498181553332182,0.7356373952682789,1.1885346322472772,0.32550404962774093,0.22052865975523522,-14.99555945896253,4.439774598333642,-16.290334215932727,-7.296318983284568,-9.54549429278521,-27.500560476011984,-13.791059196413402,-15.690671454201233,-9.261849968168054,0.05840203732794258,-2.887954657193495,-1.7773894545665492
1.1095547018154992,0.5193624913451108,0.8149689541690367,1.0067672515643409,1.024035631935917,1.0218301981133293,1.2720182520872156,0.336259396285278,0.2567455468211557,16.809541269963837,-21.489427796336738,0.44084299744662303,-2.145499738077266,-0.2982596536840312,59.218520783485644,-11.839301439566546,-13.637423385030106,8.241495928142356,1.7810572419712667,1.1348830624119142,-1.0175975770427605
1.1283010642562694,1.0276935187505751,1.318938428962891,1.0904276219463305,1.0653001798505355,0.8688651186954796,0.8865600811420002,0.3133314856234367,0.23360627165164594,4.783489235928577,23.782534481791444,-12.659601456670881,-3.184578979314132,-4.0694196864705745,3.236886012197928,-10.8037696100418,-11.461677231569084,-6.111503016025599,0.004000819975482628,-1.7603000038904373,-2.614547044305514
0.7266956208990419,1.302453358963181,1.3833750050270095,1.4597916406201392,0.8811049385004961,0.9973200216436373,0.7696905261358689,0.32953630961790015,0.31302430757460065,22.701701889913345,2.6428888455188257,-23.280450944464384,1.0912659654843608,-0.1905758812510392,18.530451380770145,-7.577795205132889,-7.839180154324516,-6.5028160919233855,-5.440791521707342,-0.516145179959075,-0.5119077207559108
0.8284331582125695,0.8133454452099751,1.4081452401275705,0.6490635347133846,0.6472318085711546,1.204555287262839,1.4421422422098464,0.3250135890474327,0.2092700506906891,17.33808060058157,29.31099096767491,-0.9490755235491335,-1.0181508430972386,-0.616945755348052,55.37217952091275,-7.814256692972044,-9.283111537394225,-2.05924640853517,3.9941096105001606,1.7214116755436049,-3.5196809653281314
0.7102486089487827,1.2790361406757809,0.7851126665098371,0.850105285812264,0.7892023745082768,0.7970726721666481,0.6260380526693549,0.23618272132996607,0.2348189138688005,26.15308058317921,-20.090469996277122,-11.675227556767613,-1.3430105018260328,0.24654253478809096,18.06603023703083,-9.301106947558873,-11.133859403172208,-1.818637844150367,1.0439152381067718,0.1316167236897332,0.37942269558694974
0.6884914813302105,0.6568516736746042,0.7749334806795167,0.9427773929073282,0.805103348603449,1.2875518455002637,1.1450574046043018,0.1947147424302906,0.30781442566670336,16.418407714503182,-29.66157129459461,-0.06819791338157444,0.8410077113442966,2.2036429631484893,75.36256979683976,-6.893831014356472,-9.758049481035993,4.983106502609602,3.282253696859625,2.0176471997349754,-1.0466744158933885
1.0866459096335455,0.6627721870318968,1.0071911316095605,0.9825474486525578,1.3379617979398977,1.1225864077590915,0.5411417280350543,0.24676152228806086,0.3106636244106015,-28.45930326438381,20.449074198432818,-15.582459683255856,-4.532801403372638,-4.537228743187452,11.664182681627011,-11.571087519367437,-13.013770030436197,1.1690435307943503,2.2499201091313292,-3.161917758566897,-3.6930469573023785
0.9873020391446562,0.5130298312803813,0.8779150159035194,0.5481896951042523,1.0521864212693435,0.7686563283786008,1.1179253784981151,0.20847899823760396,0.19587267633123345,-1.1643927372569287,23.166735711015406,-1.0951379599155544,-2.6902170449124476,-0.8980336337818997,65.1261349127035,-8.601718422827185,-11.419383673180302,9.935614946726684,4.622803671839524,0.2898772887288583,-2.191427333916419
0.820635201206277,1.483892190752857,1.1175649306874007,1.349236715991407,0.919363529258704,1.1296447618169618,0.9145847212004095,0.22317492391019575,0.22883201702093886,-19.985051349815947,14.755822775981734,-23.52210664390917,-5.569200540777839,-8.743909305441171,-51.655451429167805,-11.914439255819536,-12.198357534719072,-8.824672726608668,-1.0967040781420723,-4.030535663709156,-2.3635067559960774
1.3309192127417802,1.33946243415647,0.651438263616901,0.9630261518341505,0.675793898426465,1.3618380918188446,0.7219846473854854,0.2242071828584736,0.24735645808497353,-27.706324396436614,11.535490764329438,-17.877947185126967,-9.61392007668939,-13.494757739304298,-47.48079204394184,-14.621446769336623,-14.045715071862553,-6.5487020631259,0.7178604442214009,-6.018226868666142,-1.6302501372768674
1.2525479834396993,0.7734423729155502,0.6483727758401655,0.6174447415064642,1.0955689109180091,0.6263390511298993,1.472135282037381,0.2695878906054305,0.20673563716222512,-28.060305676498402,13.902090324149299,-3.7236832225802736,-9.303464074370556,-10.522086040056507,3.3293000355998004,-16.67286710306368,-17.88539011826289,-1.7432153201911826,4.00394880981743,-2.7069102025505973,-1.7150474483066986
0.8662918513981339,1.0653011807923791,1.1205736940453144,0.6991584486841431,0.70569917111767,1.4666232176437486,1.387337622931377,0.22768125208103937,0.24477784699460015,14.310442557088244,-13.980529845129364,-3.5093033437594485,-1.3397566077123457,-1.7482549679010688,30.443175139676626,-9.729839568106591,-10.573595900179852,-5.042140527670852,2.545896100575842,0.9118752439744053,-1.3894803865098488
0.7652747225678731,0.8817672326633612,0.5880539889591911,1.3990548065162858,0.5144281091479195,0.891079073251357,0.8253928380688111,0.2558776552525205,0.22772513004007672,-24.273881912031168,0.11623851528780094,-14.546518765105432,-5.917187014390979,-7.206787126359057,15.24298058936715,-11.062799146858204,-13.298740464226663,-1.469685772083651,1.3457382232703718,-1.32358544337011,-0.2281174834211761
0.9096177785795184,1.3822510200551494,0.9426931729708455,1.4867749407949398,0.726266959418552,0.7131601029002537,1.316591146405822,0.22192163688984906,0.2411128640854614,-25.324033258248097,7.884765462352391,-20.177549712334127,-8.145904757418787,-10.973004439502255,-45.71047189068835,-14.46451926667209,-16.22193051428932,-10.5670610497135,0.31843118562190575,-3.0484084839935903,-1.423779957183136
1.3281779119501507,1.165369592582316,0.6229293697650549,0.6882512728509049,0.7493153728119611,0.5958942833124011,1.161383445276443,0.3260796503308175,0.26191557355465667,16.742581891954018,-2.7360508920750632,-8.472222009337042,-7.360801289073109,-7.479711729201856,-16.095033753582584,-16.244482457298407,-17.472227001124907,-5.334470740158831,1.918269071622758,-2.516465594638433,0.4864316802109414
1.1618652763139825,0.7429013882198758,1.304292579271832,1.2054689065007413,1.173853361074217,0.7877076268157335,0.8230327697004085,0.2902481836813459,0.29043700829530367,-23.058600731134895,-29.750073187888475,-14.101518062009852,-4.691402010420326,-5.108814601296839,-6.743019481834267,-13.218905400867358,-15.073162548947883,-4.632776200021638,2.719531323365265,-2.69455513738413,-2.11795040023798
1.4739551639424198,0.912126360101267,0.9305921085882563,1.0779452122566853,0.844785530644609,0.7553172243975321,0.5120442460060788,0.24432207389924793,0.22108326760284716,-6.028337527258479,-25.108472583457335,-10.079998838414589,-5.501690140407611,-5.675911031002947,0.6338532817382259,-14.280089501461196,-15.531218225909074,-1.0302590943965295,1.7698387685590955,-2.3242991381694083,-0.5307429859247428
1.2968669480809312,1.3917415197264686,1.052039107934872,1.4226001206119294,0.5592025795224006,0.693973521055828,0.6069403254248782,0.2824389776678816,0.29718167905129067,-18.818850014621354,-10.955642221767267,-21.081653483436323,-8.5440004118901,-11.498088609199698,-63.349845389463724,-15.781513454974153,-16.92489251924128,-9.204225890139053,-0.4173447505200967,-4.635790981405947,-0.08860285074469942
0.8038304179235805,1.1493720300157837,1.182860537290284,1.4535718396688102,1.4124586925714677,1.3756826223864833,1.2900162983202292,0.29996984961768447,0.2760445958706365,18.516643351157988,-4.844567715417554,-15.202288128767307,-0.669074742307803,-2.399609007123935,22.953243892676483,-7.311319450757936,-8.913331972648681,-7.120220415852724,-3.5144743336440065,0.0455341744093154,-2.714955661617598
0.7383515652566865,0.6723453184041762,0.9163427778047506,0.9057442148199248,0.9901885174034375,1.4290501170206051,0.9653325347743107,0.2620895239074742,0.2943504637283669,26.08548408165477,21.644556833913043,4.494424887918477,2.2260480967876077,3.4058413647139503,78.53537251306875,-2.9302349666512795,-7.5161906074118985,5.561814564993633,2.989157932657971,3.2061628019950437,-2.5323768582406885
0.7430121728504809,1.3090851542245843,1.236875034457758,0.8687973200343194,1.4556534518030673,0.5698297357912231,1.3225278136480445,0.3286748996744104,0.22832462175034018,-12.643764191302438,13.531092937171039,-10.947035268136784,-6.172039101887783,-8.700088493823799,-34.81455268543083,-12.950780139732407,-14.759943438904145,-12.518875100876055,0.797591214014064,-3.3601337135570564,-2.3791034656265744
0.9171008821795661,0.9199733706983773,0.5948540547104584,1.3187752042548924,1.3591717044888663,0.8360350666834375,1.179211102017192,0.29195844111267677,0.30859055088089477,3.425408196785625,27.97404671258289,-11.861914918315168,-4.798264013975938,-4.546429737193435,20.237840013288277,-9.402824929622822,-12.524776472299203,-3.5266682152943596,0.7769443646948471,-1.1394694367912805,-3.2006261415830046
1.4908785614939473,1.345673071317267,0.6671305136687194,1.1508713359872789,1.2589193300040793,1.2988830403541622,0.7418539564081998,0.3410883005494161,0.32668208004145316,19.116641674925326,18.398185732726787,-13.669120350981018,-5.537626788026145,-8.532058990550258,-41.10297581496596,-12.390083329751524,-14.350769409008185,-5.140962138855998,0.01778700889992102,-3.1369640068768216,-2.4018434955183494
0.5586390946190922,0.8050022832576373,1.4433231482609994,0.8137160015962991,0.790803337955973,1.0939695825256213,0.699737194605749,0.26877803344523116,0.26748506929880683,-23.520867786297682,-23.107189834141757,-14.068039363142127,-1.3045537310491468,-2.6467341827465454,6.954762903229579,-8.146484458011876,-9.227181392483082,-6.0076347358857305,1.8792496387284086,-3.2514792086617685,-1.641944630652123
1.288622372268627,0.7509717694359649,1.1006989856617921,0.7418036750563337,0.7617402112279105,0.6115561804435219,1.4785919443605238,0.24574242449340436,0.25454785745723174,-1.588522238922419,12.169130594068491,-5.907592992698895,-4.802114733847972,-4.325432315563361,26.467897137040666,-12.762780551897393,-13.996481285889798,-1.879574639278142,2.256472570374788,-1.1156696502989494,-1.4892841388812208
0.6132526585841498,1.1434012608613067,0.769308677945906,0.5928742731103069,1.3498178288193317,0.8230411588183589,1.0208554108275105,0.2871607622817258,0.34430383622588934,4.296844717189842,24.572282114946873,-6.989379720021251,-2.8127877958768046,-3.1334020767216515,11.34540327839261,-7.113284617646598,-10.18428809676622,-7.098569187045728,3.7365699684721854,-0.9491682962544346,-2.9032822228187527
0.6984633781954546,0.9999967788226223,1.1585051667474202,1.4368704571698625,1.0718626626343488,1.0642933974526532,0.5161070186800504,0.2508686350955107,0.25106113565261456,-19.015976109090076,-22.76982348582904,-19.507938649653944,-2.7054213135823666,-3.8900397466636285,-2.3907185913105167,-9.244496965476156,-11.034899857455457,-5.902305697301246,0.2509817944615378,-2.2743853327146297,-1.5999348820550665
1.3162231848124044,1.0179788937882703,1.243324754592234,1.3379562135805338,0.6623551863910035,1.025975047846203,1.154330885436424,0.32015937770271186,0.21152752664930538,-5.84370190594224,12.5936863124615,-15.957976402358657,-5.783020310035106,-7.995458106453906,-19.583705235630227,-15.14802272617786,-14.237380950521338,-8.009937138811777,-1.1968505162901621,-3.0627609261799016,-1.7017185440109621
1.3941843730221517,0.7664089657952458,1.3081686600934108,1.2471549047638257,1.2245688719413097,1.3741787817933737,0.7551321873046204,0.33279816080097957,0.3113916489872441,-22.479236007169163,-14.78334202176477,-20.700957845812596,-4.420976353202747,-6.15464726582222,-24.681306665767373,-14.243124153330006,-14.70038253208959,-6.039916276136043,0.016468268440421596,-4.354189629772341,-2.7397128753312003
0.5696491820675118,1.2887396102310487,1.1787909643182553,1.4076620943549993,1.0647051293823544,0.5833544379911537,1.4129341852844957,0.3106154021159158,0.23880678804708003,22.831647864070405,-8.298254352083976,-23.859735321335606,-1.8105218778972123,-1.9577152233134072,22.982795533348934,-9.453404589323522,-11.14773072654598,-7.165451973470602,-5.272176144130136,-0.9180339311204762,-0.5928907608035345
1.2449372005364148,1.4627233049223611,0.7391613928654382,0.7001674019293098,1.2164108294155895,1.3913372357464313,0.985395343269192,0.21852350131851053,0.20062451444107712,14.868052210704697,-12.405232792024584,-6.947338671730147,-6.324559024270403,-7.593292418348149,-24.137995398450087,-12.1916263160522,-13.04424422047274,-3.2187387186096537,2.5978126310505356,-1.7154504280903584,-1.7732307703721197
1.3645887132205319,0.6141632898179913,0.8861839784949612,0.5806806615652484,0.765452226770597,0.9046347461257045,0.841051863719571,0.31160631113062537,0.1940516186726039,-11.621897159113761,15.737055089174405,-4.177169615268948,-4.916438025432065,-5.045697401443121,16.544022653558343,-14.20440649213318,-14.838018587818283,4.619212417052015,3.5784603340867527,-1.8910602291639638,-1.3201576948662606
0.7752330858583409,0.8275833508091276,0.6437389622683238,1.4117250501250997,0.7140563352754133,0.6843280058943861,0.7510539815753735,0.3191380685060415,0.20126922607910705,20.31336340557319,-3.064297470159051,-9.817405716449766,-2.58067673198137,-0.041323308074524334,44.22951335451749,-9.94608744259435,-12.126706183274102,2.8175177094467765,-3.055222306280614,-0.5322661112941098,0.6103561375975559
1.1493146682619444,0.8881622639506769,1.395010367094268,0.7752100364145122,1.398482100409085,0.5213038428931942,0.8135521337684338,0.2393120397584779,0.22607339331708812,24.53718757532505,24.79869987858722,-8.949334205880401,-0.21346506698808554,1.381686452461011,58.08335338921047,-5.521103186410209,-8.229025007166173,1.450932930172738,1.0166331796813743,0.7864077405974044,-1.9499834946152639
1.4989834380376283,1.0450321141800223,1.4484952891124254,1.1046043788581914,1.4311134639339507,0.8728465172444313,1.0940827503231143,0.317878663520612,0.23810607455949484,-2.489256984897075,-17.350583642183636,-14.110768676529396,-5.63232920197397,-7.618013746901166,-25.31749965860776,-15.874700623798766,-15.641252011895377,-9.230381558906215,-0.4912573664407116,-3.312128864649626,-2.221013624276196
0.6243894800844961,0.9479542966647554,0.5365673948621292,0.6095382813039333,0.6996822806309636,1.3666722660233197,0.5216007181979221,0.3146107885818177,0.27863734859587014,-3.6914551433449745,-13.447018491158683,-5.193954101825852,-2.5787806034560283,-3.1460673927985603,22.21915670664295,-8.605487315896115,-11.137383337829565,-0.8348250567268234,3.3353236303655898,-1.313668884471305,-0.3424041866374061
1.2726533832994424,1.051012943611474,0.9823099313249615,1.2268670825526762,0.5494691139752874,1.0969919347805495,0.5604027445613706,0.22351484222432544,0.24230562252493718,-10.335668473629294,-3.4447885396522864,-15.540113269191437,-5.008506081783985,-6.379023056161113,-8.384406695938154,-12.126227797601668,-12.791675494333976,-4.120492736388415,-0.38353119053024187,-2.86364177300033,-0.19685303390089004
1.120513163836848,0.6663399001240958,0.7167799539495613,1.2550209230054523,0.8948316427156184,1.471334110762211,1.285511828555548,0.2594061250488758,0.2657628547532373,21.264785246972792,-15.4050428030707,1.447461746286507,-1.192114606109854,-0.11244697958433036,57.00926491058944,-9.514916217357605,-12.51420545255732,4.608082466638319,0.13235494712747986,1.5012295701471228,-1.0504560821817925
1.3456344969449847,0.5284295933741389,1.1735500302119921,0.7455452208194827,0.5962090574045301,1.4384323768277225,1.260849969830101,0.21464845126786267,0.2751201586614851,-18.430918462720594,24.04118480043264,-13.058646403975139,-2.8361444949386794,-3.9899721084229114,30.08134907519363,-10.478265013999097,-11.467768221216195,3.5754499374885897,2.6021523478397146,-2.8049081839499106,-3.475235113312678
0.815405636008369,0.7248625250614735,0.5088229977608002,0.5682918187745484,1.004160695611021,0.8617679073665303,1.3936867985258483,0.23049954000740308,0.22217804531451688,17.733753576675518,22.677389194677964,1.2075242295742115,-3.134481976234575,-0.7501602009567208,57.58181873408887,-7.097223572072559,-11.135566049809945,3.7703703897530474,4.835586700514405,1.108570122229656,-1.6807994315798318
1.4109170496047732,0.6039659381374641,1.4843880251331356,0.7297903215201925,0.7399531750599169,0.9335237765641955,0.9294323557013469,0.2425641271584131,0.21541840909589083,15.294790392255855,20.207719834754407,-1.691100166016291,-0.045679248568823994,1.7152402900774888,64.79135574672242,-9.396852463528123,-10.863573553276614,7.042960414567961,2.59727839617792,1.3952511309092355,-1.8552408051248932
0.9709784476085938,1.3707019412891372,0.5298946307310183,0.5403278702102902,1.1843828341100813,1.397885495136458,1.0293811447378802,0.220284162837807,0.3314797469970986,-14.260429286823781,-20.483237274702404,-9.153434071094896,-7.12288387568929,-9.477599162265204,-28.05652677009629,-11.732783121716556,-14.569920119118674,-7.461373722687659,3.0008638529485765,-4.099927735231214,-2.1378044553516524
0.9322882923276177,0.8581446591005468,1.3365802459660512,0.5648046196809147,0.6024341869622211,1.4996537603101268,0.8922401610362631,0.24160719383556256,0.24886282543648552,-21.861877656946092,-27.58825607412629,-14.297338149968397,-2.476250117909629,-4.986650718973422,-2.759966527265121,-9.829443594304157,-10.108273314822727,-6.179859370715124,2.09963393269196,-4.6116346010163145,-2.0925904157687363
0.8931216421088188,0.9297438246229287,0.9293237278063631,0.6586324759026638,1.0417815407341524,0.7049373033612532,0.8662462116978421,0.264489088173966,0.2363195625566587,1.8967352073279145,-10.56319701685879,-5.515834573493201,-3.434748646705007,-2.916722407923544,23.034149457730067,-10.70398873472985,-12.577189008137632,-2.2794716760479616,2.450568869564096,-0.9308478704895844,-0.3845858393422894
0.9825671860229439,1.4106786537259732,1.1336552671076277,1.1634536358788439,0.7726155631430935,1.184006538795897,1.2136892750308248,0.30573227643845374,0.22953867959986393,8.360862394039259,-5.391952035186524,-17.691530341156408,-4.820748501827492,-7.349280477437858,-24.31659193662732,-13.29124920303289,-13.32098114942627,-7.984413033776805,-1.8639035609865484,-2.4479279837467267,-1.1302187842678961
1.220604394595159,1.2686403671685849,0.9366300125334941,1.3861145019534276,0.5356937480350947,0.6303524747194835,1.19307454471649,0.21516335003985285,0.32178243405781726,-15.623320235350143,-26.20024729081888,-18.79149506552528,-8.361494794937315,-9.868856933331212,-32.073610583986216,-14.692819835740226,-17.293556198113684,-10.313229995250106,1.0465362126240407,-3.1305295203932975,-0.7381676036872591
1.3214273712275295,0.677333774928665,0.6809397155821285,1.445299758306479,1.4222995689438758,1.4789315507774747,0.9509600120955826,0.3241309846263318,0.30730816832769553,14.592885631500337,-6.276166452043054,-3.434708793027866,-1.6748495431202528,-1.7884863183326125,32.29137075206907,-10.157749056967921,-13.538379474993805,3.872412640866907,-1.388191236709857,0.11825383489923347,-2.1397601721702593
0.9016765541484615,0.7988629062404526,0.9562926741579494,1.0645160989179698,0.5761563006837602,0.8551142051251973,1.1017118815599853,0.24896726924017332,0.30413207425825683,-12.520321543319469,-29.198877015503573,-11.12088490182024,-4.149816376800988,-4.309519824663653,22.29941421710322,-11.118633158654815,-13.345133599027742,-3.161881233200176,2.682001136596339,-1.4254128841280433,-1.042790818862926
0.5646407573051626,0.7619273160273883,1.1387092326812993,0.8865751799978328,1.1395149641280091,1.3864842282827199,1.3436704041197642,0.30288326696606455,0.3018261756003298,6.149713247039834,-9.89434162628962,-5.969446367601325,-0.09949227369842717,-0.5939833758493052,53.85961303479249,-6.407974632482983,-8.359121153739293,-2.7907405432541887,1.4355712588878156,0.6439441031078168,-2.3215734008909372
1.4776455856344421,1.264532748570464,0.5662751783894229,0.8189677225051804,0.5440492624431887,0.9781606502885785,1.0175436139843201,0.20217518264198972,0.295616329882813,9.206012633432131,21.01832647505414,-9.388877742218192,-7.398180217237538,-7.927092954895912,-14.355681396569615,-12.828153544054391,-15.516229856677027,-5.0554177954511665,2.5083048507560513,-2.603956346563306,-1.1110227467036253
0.5882425956712507,1.4950380792341948,1.2280392638047126,1.3544205693069378,1.4654291270157684,0.732320858942936,0.6936711043305752,0.22573479957461548,0.21802662156296526,-4.396870427095962,9.46940495692811,-22.537350876207405,-2.6122829807503045,-3.806298520812952,-27.51554937753891,-8.221887398630546,-11.358947070282754,-6.15399883620093,-2.462889931058707,-1.9619610666684864,-1.595837838533754
1.0253431884646846,1.0033639579171019,0.9790294460329825,0.716360425671329,0.9992947184883152,0.7266356100551806,1.0330761989828212,0.3335365179814277,0.316348388746003,-6.852176851603737,-5.8447523197632165,-8.317719757759225,-5.567530096717963,-6.333894949835656,-7.275954601329957,-13.484032245109828,-14.699662418769677,-7.9264207908634035,1.9515897716805686,-2.5380137725611984,-0.7487866209595424
0.6178185656274952,1.3503543618003557,0.6991056743574472,0.8444609226025376,1.2694208974555605,0.8976030099947705,1.3742289498232405,0.27640360953343984,0.3170404818580971,-26.660976687479376,22.125192941622807,-11.435203342992693,-8.298211030057622,-10.315170517528312,-32.747257116910795,-13.438110540492126,-15.521146796699348,-11.65757645217877,2.634173221259468,-3.6517588784759063,-3.640543188264097
1.3716273312226712,0.8227501555648278,1.3221118180001097,1.2346201926819096,0.8380650074293883,1.017637100608849,0.6170940001318845,0.21730567793651445,0.3155819006593378,-29.08689489519107,-2.1074809659294473,-19.015526836953207,-5.057222478724132,-6.431159508532122,-18.8732490464918,-12.185156965222694,-13.10952154685084,-5.475294494456456,0.5896072966559718,-4.010680939687083,-1.4619327191247713
1.3063339225030977,0.9837220030804863,1.0138688974018333,0.758028807818385,0.8978326644066235,1.0367407817022585,0.8528482649097424,0.2524017922176191,0.24288283717230058,-17.553817787105586,18.18100527971734,-10.240064690868849,-6.224934899851839,-7.985313430454905,-16.024068070073803,-13.644389617155028,-13.80864521223156,-5.84244055699345,2.072544981936506,-3.845894886334948,-2.294049684793915
1.0074128143246792,0.6184707040294347,1.363772918016518,0.7393877594943625,0.7758024744244243,0.9466315289799337,0.5663046120397077,0.27746342109366307,0.2847570913465201,-12.222762580274534,-1.9651288445552595,-9.054273304019379,-1.1627086833866436,-0.9716726553249799,27.860630380417604,-9.987279767586818,-10.751802273479122,2.0577674382296296,1.931488633339713,-1.6859423880245679,-0.7380785490200559
0.888627092416008,1.0889267628764454,1.2016613802471543,1.20200483996252,0.9322102914213974,0.6683652883313788,1.038122674093777,0.3074491316169706,0.3189706206812141,7.795079334562999,-11.101522373448514,-16.674784428945415,-2.59428396919105,-2.9583808354121217,10.921786168910401,-11.368891244687415,-11.82085497568044,-7.872525968859195,-1.7180962988093773,-1.416834542264418,-0.3556500112933918
0.5104085380047947,1.2075386060506499,1.1277258706940647,0.977289019131421,1.2935005877023604,1.2227750229913106,0.8095641794421331,0.29713947838757293,0.2227242281138392,9.448283894104414,23.626282913909066,-11.240848523999347,-0.42322118181227,-1.3912982795762119,16.2843791689982,-4.899468034660543,-7.417360313672333,-5.702292758745403,0.7431685397519239,-0.22671251156899253,-3.3403864178466662
0.9785653889157357,1.0635237551956878,1.2776106615373248,0.9928394930776768,0.5248854952827752,0.750425880804229,1.3075505272239885,0.27921075894909714,0.24520843944861798,-11.325816247855553,15.042507177040804,-12.355573342759477,-5.1160354609470495,-6.939495478893008,-12.953275651997522,-13.092645584954418,-13.1225277115403,-10.118983302523374,0.6656364933844383,-2.739128390764698,-1.8037062516732263
1.3037547451819855,0.9609630134851308,0.7756656728373255,0.8769832293971184,0.6118446017503788,1.3265428078715482,1.089502273797767,0.3008527812081788,0.209615972403125,-4.839924582571342,-6.864949853976398,-8.79580518206053,-6.386803865079944,-8.055183243828353,-6.2899302742125585,-14.829008550987508,-14.922649699504056,-3.71379037259133,1.4079977570184798,-2.703084356218911,-0.6966416486494857
1.0756595094788794,1.4475489261084735,1.3730548326309853,1.1092760178667052,0.8725539083856289,0.5363871543050477,1.002541665010244,0.20423871758155412,0.2432910994798377,-8.18285394259319,-15.173842753500786,-17.51041452269005,-5.813660297480478,-7.478863705731097,-40.48523022182099,-13.348660993887137,-15.187343349675187,-8.739088511698641,-0.9848743696183648,-3.3597679467027426,-0.7587934281949131
0.9298271386195927,1.3317237053970803,0.8084877858391377,1.042326460157895,1.4786403571766304,0.9087014484137947,1.0566376728237523,0.32794383205652217,0.23689871886132208,-0.18623770984596177,12.662714597461544,-14.355761121096197,-6.394703773214282,-8.597475579071148,-27.743437509335855,-12.272436450568627,-14.05012769710555,-7.472524480978998,0.2568305107936908,-3.030624670694877,-2.1903148624057778
1.4349131690406431,1.0900471897527817,0.9246772901190564,1.1110020369234088,1.1035886466858849,0.6549992495309997,0.9357697898394116,0.2068014832147789,0.25980756738482547,0.3682861246313749,-20.3320239204246,-13.021388032729813,-6.38170805929316,-6.493657433751398,-2.217427709352613,-13.625910745749945,-15.403621503714259,-4.631472807085935,0.4920535271246962,-2.4244405753080756,-0.6191529599277565
0.9617338090227159,0.6964584878429053,0.6706522238604461,0.7847169884479386,0.5817643116256013,1.413563301475616,1.2500814751000493,0.33741107119797376,0.32010722784595147,23.751700080919647,11.840769858195465,4.795241882649179,-0.8013950165115205,-0.007801780259306668,50.42370426707279,-8.309337676113993,-12.01243786423277,2.15812524253311,3.5136944885752186,2.005635913688703,-0.6914024030158714
0.9501469252601866,0.5053315860996914,0.9621572826637881,0.9597620994808751,0.625071340976405,1.409287684929723,1.122886806389231,0.2959324031919266,0.19430765582825305,26.88526763353417,-4.057475238117476,8.6913627498827,-0.086686777253842,3.0305463783363393,85.93576469932827,-8.825744105483437,-11.72892577275644,11.89532970641825,1.8939721092181738,3.4382602300898952,-0.5286868013190258
0.9436860740784634,1.0442508842179477,0.9019448654255187,0.5996692164384213,0.6412911117906187,1.2626747305137358,1.0961944076426255,0.3433763478744305,0.34250078329756606,-14.403157327114052,-26.703902307882643,-10.447800577422317,-5.516110116709566,-7.958595714926744,-15.962805308729493,-12.899258668972905,-14.202270549226823,-9.826981246813398,3.1319825673230195,-3.8653276158472476,-1.3623432546445997
1.3441735732765663,0.5305926694821994,1.0483141620734342,1.4019687635789353,0.8112076749351633,1.3074120237524804,1.3965228689036115,0.2704074954042986,0.3000623654212168,12.471997422354299,19.14386559636207,-3.563655688705097,-0.9127922411593445,-0.19863908099213035,58.656651797221,-8.912940795269279,-11.996740130051057,6.0586097870811875,-0.7793599846437038,0.8952887154855471,-2.6114784300553
0.7993161658189445,0.8682824408952253,0.8497524826160527,1.4688673642089753,1.1416703459234563,1.2833789577460057,1.3110591101445412,0.31574492547241606,0.2733197204868543,-2.7671886203188336,26.58049408230741,-14.457587303819981,-3.8598712236552757,-4.8193600003420975,22.479987440095144,-8.91811308869096,-10.806469314056494,-4.462855685321249,-0.032024641597478976,-1.1689135406344402,-4.043751338997442
0.5520413891176916,0.6513817081356583,1.000276046473677,0.9729865421580743,1.234511525654442,0.8467327131333762,0.7267820065996531,0.21263113627996486,0.2328337977496086,23.501641775544677,-13.547882775856024,-2.0342893701006517,1.7575401990537358,4.603434353160964,89.99453682121185,-4.574975723850249,-7.229431545703066,8.51759832815086,0.5135628235802336,2.264512385188924,-0.43835132983614855
0.5909037849963465,0.5486985322323598,0.5597161228352486,0.8363616836952823,0.9782679419561935,1.3187459275995488,1.0765554331367784,0.19401215696110166,0.34151421375713126,-1.2918719762762727,17.452881275254533,-3.819992007113214,-1.0344068588450739,-0.13058361729731516,73.68950919985615,-4.956952541403902,-9.694581696905743,7.4014123409323895,2.9894163105243443,0.6381710045173854,-2.444147770684175
0.7558621203537568,0.6454443085585978,1.4532983087512843,1.0808993466294297,1.0351472594625069,0.942366768635624,0.7160151254522664,0.21374964854322667,0.3234282526836033,18.1143055132881,2.84186630061933,-6.605268644164116,3.584849351982818,4.998926260101129,88.00141153111248,-4.165355999191156,-5.625924765463758,6.420295469594311,-0.7682362181925972,2.1394935747879558,-0.771078487066724
1.047476163370714,1.452290904690036,0.6796283275870922,0.8332013412039327,1.2283830684892205,1.2599016546426265,1.408327119854249,0.2335991249480872,0.1986667769107207,11.438980198205059,-5.63610112366954,-10.11957723001617,-6.669991658254112,-8.074316962069915,-23.13564675648678,-12.643224873407815,-14.102582315706133,-4.986552719745651,1.4004706753433016,-1.8970657923533842,-1.7744824750693766
0.5166450999370092,1.1118636447607462,1.036432381950197,1.0988624170680175,0.9447597308165898,0.5416420482315252,1.223792754930349,0.34246013206109827,0.3146235968727763,-21.26861516187554,25.435826499285774,-12.368495257107053,-6.130030541189431,-7.367448736851685,-13.700649862686163,-11.344830499941896,-12.711484067167822,-12.653808951404756,2.5289749162961073,-2.286757134812442,-3.088347717297083
0.6743710504395128,1.1286846252179794,1.2836545039701965,0.8277244141586348,1.3525533134834178,0.560269897998732,1.2321385457118204,0.3235578704265507,0.3397409774804372,12.675565265902776,1.7694858382475047,-13.95690829834827,-1.3906533296221681,-1.8769904293317197,21.72472065334567,-8.206953857617224,-9.133808273163844,-9.645858570603854,-0.30321149597993813,-0.6594888850320473,-1.0241844022717537
1.4562361031028557,1.1237360737519688,0.6041842529541956,0.8462529747181771,0.7164684024210068,0.6248789482484638,1.3692824118877245,0.21164522969746427,0.27103558275400086,-16.130274544952044,-23.53633039659381,-7.659005770799965,-10.333027120283063,-11.521528693900784,-18.196814335060623,-16.34034313205604,-19.372015619980974,-7.328384730515955,3.462228850739706,-3.296552142968631,-0.6031190965722004
